{
    "intents": [
        {
            "tag": "greeting",
            "patterns": [
                "halo",
                "hai",
                "hi",
                "pagi",
                "siang",
                "sore",
                "oy",
                "malam",
                "he",
                "oy",
                "oi"
            ],
            "responses": [
                "Hai! Ada yang bisa saya bantu?",
                "Halo, selamat datang!"
            ]
        },
        {
            "tag": "goodbye",
            "patterns": [
                "bye",
                "dadah",
                "sampai jumpa",
                "makasih",
                "oke makasih",
                "dahlah"
            ],
            "responses": [
                "Sampai jumpa!",
                "Selamat tinggal!"
            ]
        },
        {
            "tag": "program_studi",
            "patterns": [
                "Apa saja program studi yang ada di STIKI?",
                "apa aja jurusannya?",
                "ada berapa jurusan?",
                "ada berapa jurusan di stiki?",
                "Jurusan apa saja yang ditawarkan di STIKI?",
                "Saya ingin kuliah di bidang IT, jurusan apa yang cocok?",
                "Program studi apa yang paling diminati di STIKI?"
            ],
            "responses": [
                "STIKI menawarkan berbagai program studi di bidang Teknologi Informasi, seperti D3 Sistem Informasi, S1 Informatika, S1 Desain Komunikasi Visual, dan S1 Sistem Informasi. Setiap program studi memiliki fokus dan keahlian yang berbeda-beda. Kamu bisa memilih sesuai minat dan bakatmu."
            ]
        },
        {
            "tag": "d3_sistem_informasi",
            "patterns": [
                "Apa yang dipelajari di D3 Sistem Informasi?",
                "prodi SI",
                " d3 SI belajar apa aja?",
                "Apa prospek kerja lulusan D3 Sistem Informasi?",
                "Apa bedanya D3 Sistem Informasi dengan S1 Sistem Informasi?",
                "Apakah D3 Sistem Informasi cocok untuk saya yang ingin bekerja cepat?"
            ],
            "responses": [
                "D3 Sistem Informasi fokus pada penyiapan lulusan yang mampu memberikan solusi praktis berbasis teknologi informasi. Kamu akan belajar tentang pemrograman web, e-commerce, dan keamanan jaringan. Lulusan D3 Sistem Informasi memiliki peluang kerja yang luas sebagai Application Developer, Database Administrator, dan lainnya."
            ]
        },
        {
            "tag": "s1_informatika",
            "patterns": [
                "Apa yang dipelajari di S1 Informatika?",
                "informatika belajar apa aja",
                "Apa saja bidang keahlian yang bisa dikuasai di S1 Informatika?",
                "Apakah lulusan S1 Informatika bisa membuat game?",
                "Apa saja mata kuliah yang paling menarik di S1 Informatika?"
            ],
            "responses": [
                "S1 Informatika memberikan bekal yang cukup kuat dalam pengembangan perangkat lunak, kecerdasan buatan, dan keamanan informasi. Kamu akan belajar tentang pemrograman, algoritma, dan data science. Lulusan S1 Informatika memiliki peluang kerja yang sangat luas di berbagai industri."
            ]
        },
        {
            "tag": "s1_desain_komunikasi_visual",
            "patterns": [
                "Apa yang dipelajari di S1 Desain Komunikasi Visual?",
                "dkv ngapain?",
                "dkv",
                "dkv belajar apa?",
                "apa yang dipelajari dkv?",
                "Apakah saya harus jago menggambar untuk kuliah Desain Komunikasi Visual?",
                "Apa saja contoh karya yang dihasilkan oleh lulusan Desain Komunikasi Visual?",
                "Apa peluang kerja untuk lulusan Desain Komunikasi Visual?"
            ],
            "responses": [
                "S1 Desain Komunikasi Visual mengajarkan kamu cara menggabungkan kreativitas dan teknologi untuk menghasilkan desain yang menarik dan efektif. Kamu akan belajar tentang desain grafis, UI/UX, dan multimedia. Lulusan Desain Komunikasi Visual dapat bekerja sebagai Digital Media Designer, Graphic Designer, dan lainnya."
            ]
        },
        {
            "tag": "s1_sistem_informasi",
            "patterns": [
                "Apa perbedaan antara S1 Sistem Informasi dan S1 Informatika?",
                "SI S1 belajar apa?",
                "apa bedanya sama d3 SI?",
                "apa aja yang di pelajari SI?",
                "Apa yang lebih difokuskan di S1 Sistem Informasi?",
                "Apakah lulusan S1 Sistem Informasi bisa bekerja di perusahaan konsultan?"
            ],
            "responses": [
                "S1 Sistem Informasi lebih fokus pada analisis bisnis dan perancangan sistem informasi untuk mendukung pengambilan keputusan. Jika dibandingkan dengan S1 Informatika, S1 Sistem Informasi lebih menekankan pada aspek bisnis dan manajemen."
            ]
        },
        {
            "tag": "daftar",
            "patterns": [
                "Bagaimana cara mendaftar online?",
                "saya mau daftar",
                "gimana daftarnya?",
                "cara daftar?",
                "bisa online daftarnya?",
                "bisa online?",
                "daftar online",
                "saya ingin daftar",
                "bisa daftar disini?",
                "gimana cara daftar?",
                "pengen daftar",
                "aku mau daftar",
                "daftar dong",
                "daftar",
                "gimana caranya daftar?",
                "bagaimana cara mendaftar?",
                "langkah-langkah pendaftarannya apa saja?",
                "cara daftar online seperti apa?",
                "apa saja yang harus saya isi dalam formulir pendaftaran?"
            ],
            "responses": [
                "Pendaftaran dapat dilakukan dengan mengisi formulir Pendaftaran PMB Online. Isi data calon mahasiswa, data orang tua, pilihan program studi, kemudian unggah dokumen."
            ]
        },
        {
            "tag": "berkas",
            "patterns": [
                "Apa saja berkas yang harus saya siapkan?",
                "apa syaratnya?",
                "berkas yang dibutuhkan?",
                "berkas",
                "dokumen yang diperlukan?",
                "perlu apa aja?",
                "syarat",
                "apa saja berkasnya?",
                "apa yang harus di siapkan?",
                "butuh apa saja?",
                "apa aja berkasnya?",
                "apa saja syarat berkasnya?",
                "file apa saja yang harus diunggah?",
                "apa saja persyaratan pendaftaran?",
                "apa saja yang harus disiapkan untuk mendaftar?",
                "apakah ada syarat khusus?",
                "dokumen apa saja yang dibutuhkan?"
            ],
            "responses": [
                "Sebelum mendaftar, pastikan nama pendaftar sesuai dengan nama yang tertera di Akte Kelahiran. Begitu juga dengan nama orangtua. pastikan juga Anda sudah memiliki scan Akta Kelahiran, pasfoto 3x4, rapor kelas X-XI, SKHUN, Ijazah, Kartu Keluarga, KTP orang tua, dan KTP/Kartu Pelajar Anda dalam format PDF."
            ]
        },
        {
            "tag": "format_file",
            "patterns": [
                "format file apa yang diterima?",
                "harus pdf?",
                "bisa format lain?",
                "file harus dalam format apa?",
                "ukuran file maksimal berapa?",
                "apakah bisa menggunakan format lain selain PDF?"
            ],
            "responses": [
                "Semua file yang diunggah harus dalam format PDF dengan ukuran maksimal 2MB."
            ]
        },
        {
            "tag": "pasfoto",
            "patterns": [
                "bagaimana format pasfoto yang benar?",
                "ukuran pasfoto berapa?",
                "latar belakang pasfoto warna apa?",
                "pakaian untuk pasfoto seperti apa?",
                "pakaian bebas?"
            ],
            "responses": [
                "Pasfoto berukuran 3x4 dengan latar belakang biru untuk S1 dan merah untuk D3. Gunakan kemeja putih polos dan pastikan formatnya PDF."
            ]
        },
        {
            "tag": "legalisasi_berkas",
            "patterns": [
                "apakah berkas harus dilegalisir?",
                "berkasnya harus legalisir?",
                "bagaimana cara melegalisir berkas?",
                "apa yang dimaksud dengan berkas terlegalisir?",
                "apakah semua berkas harus dilegalisir?",
                "harus legalisir?",
                "wajib?"
            ],
            "responses": [
                "Anda dapat mengunggah scan rapor, SKHUN, dan Ijazah asli atau fotokopinya yang sudah dilegalisir."
            ]
        },
        {
            "tag": "tes 1",
            "patterns": [
                "Apakah ada tes masuk?",
                "ada tes?",
                "di tes?",
                "ada tes nggak?",
                "ada seleksinya?",
                "gimana seleksinya?",
                "gimana tesnya?",
                "apa aja tesnya?",
                "di seleksi?",
                "di seleksi nggak?",
                "di tes?",
                "di tes nggak?",
                "Berapa lama proses seleksi?",
                "lama nggak seleksinya?",
                "tesnya lama?",
                "berapa lama tesnya?"
            ],
            "responses": [
                "Ya, ada tes masuk berupa tes potensi akademik dan wawancara."
            ]
        },
        {
            "tag": "tes 2",
            "patterns": [
                "Berapa lama proses seleksi?",
                "lama nggak seleksinya?",
                "tesnya lama?",
                "berapa lama tesnya?",
                "lama nggak?"
            ],
            "responses": [
                "Proses seleksi biasanya memakan waktu sekitar 3-4 jam. Pengumuman hasil seleksi akan kami informasikan melalui email dan website."
            ]
        },
        {
            "tag": "biaya_pendaftaran",
            "patterns": [
                "berapa biaya pendaftaran?",
                "daftar bayar berapa?",
                "bayar berapa?",
                "berapa uang pendaftarannya?",
                "biaya masuknya berapa?",
                "biaya masuk STIKI berapa?"
            ],
            "responses": [
                "Biaya pendaftaran untuk semua jalur adalah Rp. 200.000."
            ]
        },
        {
            "tag": "cara_pembayaran",
            "patterns": [
                "bagaimana cara membayar?",
                "bayar lewat apa?",
                "bayarnya lewat apa?",
                "transfer?",
                "bisa tranfer?",
                "berapa rekeningnya?",
                "bank apa?",
                "berapa nomor rekeningnya?",
                "kemana transfernya?",
                "di transfer kemana?",
                "kemana saya harus transfer?",
                "nomor rekeningnya apa?",
                "ke bank mana saya transfer?"
            ],
            "responses": [
                "Pembayaran dapat dilakukan melalui transfer ke nomor rekening BCA a.n STIKI Malang: 440.3000.909."
            ]
        },
        {
            "tag": "bukti_pembayaran",
            "patterns": [
                "kemana saya kirim bukti transfer?",
                "butuh bukti transfer?",
                "bukti transfer kirim kemana?",
                "bukti tranfer di upload?",
                "bukti transfer dikirim?",
                "bagaimana cara upload bukti transfer?",
                "gimana cara upload bukti transfer?",
                "bagaimana cara mengunggah bukti transfer?",
                "bukti transfer dikirim ke mana?",
                "apa yang harus saya lakukan setelah transfer?"
            ],
            "responses": [
                "Setelah transfer, silakan unggah bukti transfer melalui laman PMB pmb.stiki.ac.id atau via Whatsapp ke nomor 0341560823."
            ]
        },
        {
            "tag": "konfirmasi_pendaftaran",
            "patterns": [
                "kapan saya akan dihubungi?",
                "setelah daftar ngapain?",
                "hasil pendaftaran lihat dimana?",
                "bagaimana jika saya belum dihubungi?",
                "apa yang harus saya lakukan setelah mendaftar?",
                "kapan pengumumannya?"
            ],
            "responses": [
                "Tim PMB STIKI akan menghubungi Anda melalui surel atau telepon untuk pemberitahuan tentang tes masuk ataupun proses Daftar Ulang."
            ]
        },
        {
            "tag": "jenis_beasiswa",
            "patterns": [
                "Apa saja jenis beasiswa yang ada di STIKI?",
                "ada beasiswa?",
                "ada beasiswa disini?",
                "Beasiswa apa saja yang bisa saya dapatkan di STIKI?",
                "Ada beasiswa lain selain KIP Kuliah?",
                "Apa saja program beasiswa di STIKI?"
            ],
            "responses": [
                "Di STIKI, juga terdapat beasiswa yang bisa kamu peroleh, yaitu Beasiswa KIP-Kuliah yang tentunya memiliki persyaratan dan benefit yang berbeda."
            ]
        },
        {
            "tag": "jalur_pendaftaran",
            "patterns": [
                "Apa saja jalur pendaftaran di STIKI?",
                "Jalur mana yang paling cocok untuk saya?",
                "Kapan batas pendaftaran masing-masing jalur?",
                "Bagaimana cara memilih jalur pendaftaran?"
            ],
            "responses": [
                "STIKI menyediakan beberapa jalur pendaftaran, yaitu jalur undangan, prestasi, beasiswa KIP Kuliah, dan reguler. Masing-masing jalur memiliki persyaratan dan keuntungan yang berbeda. Kamu bisa memilih jalur yang sesuai dengan prestasi dan kebutuhanmu."
            ]
        },
        {
            "tag": "jalur_undangan",
            "patterns": [
                "Apa itu jalur undangan?",
                "gimana cara daftar jalur undangan?",
                "Bagaimana cara mendaftar melalui jalur undangan?",
                "Apa saja syarat untuk jalur undangan?",
                "Apa keuntungan mendaftar melalui jalur undangan?"
            ],
            "responses": [
                "Jalur undangan adalah jalur penerimaan mahasiswa baru yang diberikan kepada siswa berprestasi dengan nilai yang sangat baik. Kamu bisa mendaftar melalui jalur undangan dengan syarat nilai Matematika dan Bahasa Inggris minimal KKM+5 dan memenuhi persyaratan berkas lainnya. Keuntungannya, kamu bisa bebas tes masuk dan mendapatkan subsidi biaya kuliah hingga 60%."
            ]
        },
        {
            "tag": "jalur_prestasi",
            "patterns": [
                "Apa itu jalur prestasi?",
                "Bagaimana cara mendaftar melalui jalur prestasi?",
                "Apa saja yang termasuk prestasi untuk jalur ini?",
                "Apa keuntungan mendaftar melalui jalur prestasi?"
            ],
            "responses": [
                "Jalur prestasi diperuntukkan bagi siswa yang memiliki prestasi akademik maupun non-akademik. Kamu bisa mendaftar dengan menyertakan sertifikat juara lomba dan memenuhi persyaratan nilai. Keuntungannya, kamu bisa bebas tes masuk dan mendapatkan subsidi biaya kuliah."
            ]
        },
        {
            "tag": "jalur_reguler",
            "patterns": [
                "Apa itu jalur reguler?",
                "Bagaimana cara mendaftar melalui jalur reguler?",
                "Apa saja yang perlu dipersiapkan untuk jalur reguler?",
                "Apakah ada tes untuk jalur reguler?"
            ],
            "responses": [
                "Jalur reguler adalah jalur pendaftaran umum. Kamu perlu mendaftar secara online dan mengikuti tes masuk. Keuntungannya, kamu tetap bisa mendapatkan subsidi uang pangkal."
            ]
        },
        {
            "tag": "jalur_pendaftaran_kip",
            "patterns": [
                "kapan pendaftaran KIP Kuliah dibuka?",
                "sampai kapan pendaftaran KIP Kuliah?",
                "bagaimana cara mendaftar KIP Kuliah?",
                "di mana saya bisa mendaftar KIP Kuliah?"
            ],
            "responses": [
                "Pendaftaran KIP Kuliah STIKI dibuka mulai 1 Oktober 2024 sampai kuota terpenuhi. Anda bisa mendaftar secara online di website pmb.stiki.ac.id."
            ]
        },
        {
            "tag": "persyaratan_kip",
            "patterns": [
                "apa saja syarat untuk mendapatkan KIP Kuliah?",
                "KIP syaratnya apa?",
                "syarat akademiknya apa saja?",
                "berkas apa saja yang harus disiapkan?",
                "apakah ada tes khusus untuk KIP Kuliah?"
            ],
            "responses": [
                "Persyaratan KIP Kuliah meliputi persyaratan akademik, seperti nilai minimal dan mengikuti tes, serta persyaratan berkas. Anda bisa melihat detailnya di website PMB STIKI."
            ]
        },
        {
            "tag": "berkas_kip",
            "patterns": [
                "berkas apa saja yang harus diunggah untuk KIP Kuliah?",
                "dokumen apa saja yang dibutuhkan?",
                "format file untuk berkas apa?",
                "ukuran file maksimal file KIP berapa?"
            ],
            "responses": [
                "Berkas yang harus diunggah antara lain scan rapor, SKHUN, Kartu KIP, Akte Kelahiran, dan lainnya. Semua berkas dalam format JPG atau PNG."
            ]
        },
        {
            "tag": "fasilitas_kip",
            "patterns": [
                "apa saja fasilitas yang didapatkan jika mendapat KIP Kuliah?",
                "apakah biaya kuliah gratis jika dapat KIP Kuliah?",
                "apakah ada uang saku jika dapat KIP Kuliah?",
                "apa fasilitas KIP?"
            ],
            "responses": [
                "Penerima KIP Kuliah akan mendapatkan fasilitas bebas biaya kuliah dan uang saku sesuai ketentuan pemerintah."
            ]
        },
        {
            "tag": "tes_kip",
            "patterns": [
                "apakah ada tes untuk KIP Kuliah?",
                "KIP ada tes?",
                "tes apa saja yang harus diikuti?",
                "bagaimana cara mengikuti tes KIP Kuliah?"
            ],
            "responses": [
                "Ya, penerima KIP Kuliah harus mengikuti tes akademik, tes wawancara, dan jika memilih jalur basket, harus mengikuti try out basket."
            ]
        },
        {
            "tag": "pendaftaran",
            "patterns": [
                "Apa yang harus saya lakukan jika lupa password akun pendaftaran?",
                "Bolehkah saya mendaftar lebih dari satu program studi?",
                "Kapan pengumuman hasil seleksi?",
                "Apabila saya diterima, bagaimana cara melakukan daftar ulang?",
                "Apakah ada biaya pendaftaran ulang?"
            ],
            "responses": [
                "Jika Anda lupa password, Anda bisa melakukan reset password melalui fitur yang tersedia di halaman login.",
                "Ya, Anda boleh mendaftar lebih dari satu program studi, namun Anda harus memilih salah satu program studi yang Anda inginkan setelah dinyatakan lulus seleksi.",
                "Pengumuman hasil seleksi biasanya dilakukan satu bulan setelah pendaftaran ditutup.",
                "Setelah dinyatakan diterima, Anda akan menerima surat pemberitahuan daftar ulang. Silakan datang ke kampus untuk melakukan daftar ulang sesuai jadwal yang ditentukan.",
                "Ya, ada biaya daftar ulang yang digunakan untuk keperluan administrasi dan perlengkapan mahasiswa baru."
            ]
        },
        {
            "tag": "biaya",
            "patterns": [
                "Berapa besaran UKT per semester?",
                "Apakah ada potongan biaya kuliah untuk mahasiswa berprestasi?",
                "Bagaimana cara mengajukan keringanan biaya kuliah?",
                "Apakah pembayaran UKT bisa dicicil?",
                "Apa saja yang termasuk dalam biaya pengembangan diri?",
                "Apakah ada biaya praktikum?",
                "Bagaimana jika saya ingin mengangsur biaya kuliah?"
            ],
            "responses": [
                "Besaran UKT bervariasi tergantung pada program studi dan kemampuan ekonomi Anda. Informasi lengkap mengenai UKT bisa Anda lihat di website kami.",
                "Ya, ada beberapa jenis beasiswa yang bisa Anda dapatkan jika memenuhi syarat. Informasi lebih lanjut mengenai beasiswa dapat Anda tanyakan ke bagian kemahasiswaan.",
                "Untuk mengajukan keringanan biaya kuliah, Anda bisa mengisi formulir permohonan yang tersedia di bagian keuangan.",
                "Pembayaran UKT bisa dilakukan secara tunai atau transfer. Untuk informasi mengenai cicilan, Anda bisa menghubungi bagian keuangan.",
                "Biaya pengembangan diri meliputi biaya kegiatan kemahasiswaan, seminar, workshop, dan kegiatan lain yang bersifat pengembangan diri.",
                "Ya, untuk sebagian besar program studi, ada biaya praktikum yang dibebankan kepada mahasiswa.",
                "Untuk informasi mengenai angsuran biaya kuliah, Anda bisa menghubungi bagian keuangan. Kami akan memberikan informasi mengenai skema pembayaran yang sesuai dengan kemampuan Anda."
            ]
        }
    ]
}